"District","Nitrogen - High","Nitrogen - Medium","Nitrogen - Low","Phosphorous - High","Phosphorous - Medium","Phosphorous - Low","Potassium - High","Potassium - Medium","Potassium - Low","OC - High","OC - Medium","OC - Low","EC - Saline","EC - Non Saline","pH - Acidic","pH - Neutral","pH - Alkaline"
"SOUTH ANDAMANS","0%","14.601311701760443%","85.39868829823956%","0.10355540214014498%","8.008284432171212%","91.88816016568865%","0.03451846738004832%","11.322057300655851%","88.6434242319641%","0.13812154696132597%","6.388121546961326%","93.47375690607734%","13.738350017259235%","86.26164998274076%","7.2143596824301%","92.7856403175699%","0%"
"NORTH AND MIDDLE ANDAMAN","0%","17.79452476161181%","82.20547523838819%","0.09227929867733005%","9.82774530913565%","90.07997539218702%","0%","17.271608735773608%","82.72839126422639%","0.5075361427253153%","9.535527529990771%","89.95693632728391%","9.290878326411322%","90.70912167358868%","18.794217163949554%","81.17502306982468%","0.030759766225776683%"
"NICOBARS","0%","11.166666666666666%","88.83333333333333%","0%","5.5%","94.5%","0%","6.333333333333333%","93.66666666666667%","0.3333333333333333%","14.333333333333334%","85.33333333333333%","17.333333333333332%","82.66666666666667%","1.8333333333333333%","98.16666666666667%","0%"